Type,Category
Financial,ASSETS
Financial,INSURANCE AND OTHER
Financial,FINANCE AND FINANCIAL PRODUCTS
Financial,"RAILROAD, UTILITIES AND ENERGY"
Financial,CURRENT ASSETS
Financial,NON-CURRENT ASSETS
Financial,TOTAL ASSETS
Financial,LIABILITIES AND SHAREHOLDERS' EQUITY
Financial,LIABILITIES
Financial,CURRENT LIABILITIES
Financial,NON-CURRENT LIABILITIES
Financial,TOTAL LIABILITIES
Financial,TOTAL LIABILITIES AND SHAREHOLDERS' EQUITY
Financial,"TOTAL LIABILITIES, REDEEMABLE NONCONTROLLING INTERESTS AND SHAREHOLDERS’ EQUITY"
Financial,TOTAL SHAREHOLDERS' EQUITY
Financial,EQUITY
Financial,TOTAL EQUITY
Financial,MINORITY SHAREHOLDERS’ INTERESTS
Financial,NONCONTROLLING INTERESTS
Financial,REDEEMABLE NONCONTROLLING INTERESTS
Financial,SHAREHOLDERS' EQUITY
Income,EARNINGS
Income,REVENUE
Income,EXPENSES
Income,OPERATING
Income,OTHER
Income,SHARES
Income,TAX
Income,TOTAL
Income,COSTS AND EXPENSES
Shares,SHARES
"Financial","LIABILITIES AND SHAREHOLDERS’ EQUITY"
"Financial","SHAREHOLDERS’ EQUITY"
"Financial","TOTAL LIABILITIES AND SHAREHOLDERS’ EQUITY"
"Financial","TOTAL SHAREHOLDERS’ EQUITY"
"Income","UNKNOWN"
"Income","COST"
"Income","FINANCIALS"
"Financial","ASSETS: FINANCE AND FINANCIAL PRODUCTS"
"Financial","ASSETS: INSURANCE AND OTHER"
"Financial","ASSETS: INVESTMENTS IN MIDAMERICAN ENERGY HOLDINGS COMPANY"
"Financial","LIABILITIES AND SHAREHOLDERS’ EQUITY: FINANCE AND FINANCIAL PRODUCTS"
"Financial","LIABILITIES AND SHAREHOLDERS’ EQUITY: INSURANCE AND OTHER"
"Financial","LIABILITIES AND SHAREHOLDERS’ EQUITY: SHAREHOLDERS’ EQUITY"
"Financial","TOTAL ASSETS: FINANCE AND FINANCIAL PRODUCTS"
"Financial","TOTAL ASSETS: INSURANCE AND OTHER"
"Financial","TOTAL LIABILITIES AND SHAREHOLDERS’ EQUITY: FINANCE AND FINANCIAL PRODUCTS"
"Financial","TOTAL LIABILITIES AND SHAREHOLDERS’ EQUITY: INSURANCE AND OTHER"
"Financial","ASSETS: RAILROAD, UTILITIES AND ENERGY"
"Financial","ASSETS: UTILITIES AND ENERGY"
"Financial","LIABILITIES AND SHAREHOLDERS’ EQUITY: RAILROAD, UTILITIES AND ENERGY"
"Financial","LIABILITIES AND SHAREHOLDERS’ EQUITY: UTILITIES AND ENERGY"
"Financial","LIABILITIES: FINANCE AND FINANCIAL PRODUCTS"
"Financial","LIABILITIES: INCOME TAXES, PRINCIPALLY DEFERRED"
"Financial","LIABILITIES: INSURANCE AND OTHER"
"Financial","LIABILITIES: RAILROAD, UTILITIES AND ENERGY"
"Financial","SHAREHOLDERS’ EQUITY: ACCUMULATED OTHER COMPREHENSIVE INCOME"
"Financial","SHAREHOLDERS’ EQUITY: CAPITAL IN EXCESS OF PAR VALUE"
"Financial","SHAREHOLDERS’ EQUITY: COMMON STOCK"
"Financial","SHAREHOLDERS’ EQUITY: RETAINED EARNINGS"
"Financial","TOTAL ASSETS: RAILROAD, UTILITIES AND ENERGY"
"Financial","TOTAL ASSETS: UTILITIES AND ENERGY"
"Financial","TOTAL LIABILITIES AND SHAREHOLDERS’ EQUITY: RAILROAD, UTILITIES AND ENERGY"
"Financial","TOTAL LIABILITIES: FINANCE AND FINANCIAL PRODUCTS"
"Financial","TOTAL LIABILITIES: INSURANCE AND OTHER"
"Financial","TOTAL LIABILITIES: RAILROAD, UTILITIES AND ENERGY"
"Financial","TOTAL LIABILITIES: UTILITIES AND ENERGY"
"Financial","NET ASSETS"
"Financial","NON CURRENT ASSETS"
"Financial","NON CURRENT LIABILITIES"
"Financial","TOTAL CURRENT ASSETS"
"Financial","TOTAL CURRENT LIABILITIES"
"Financial","TOTAL NON CURRENT ASSETS"
"Financial","TOTAL NON CURRENT LIABILITIES"
